{
  "part_number": "MS2O4ZOAD4-5.5",
  "serial_number": "224019C462",
  "purchase_order": "154748",
  "cert_type": "Certificate of Conformity",
  "status": "HARD_FAIL",
  "confidence_score": 0.3999999999999999,
  "flags": [
    {
      "issue": "Multiple different part numbers found: MS2O4ZOAD4-5.5, MS2O47OAD4-5.5, M520470AD4-5, MS2OAZOAD4-S5-5, MS2O4ZOADA-5.5, MSZOAZOAD4-5.5, MS2OAZOAD4-5-5, NASM2O4ZO, MS2OA7OAD4-5.5",
      "reference": "QC Manual Section 2.3",
      "severity": "HIGH"
    },
    {
      "issue": "Part number MS2O4ZOAD4-5.5 does not meet standard format requirements",
      "reference": "ASA Standard 21.605",
      "severity": "MEDIUM"
    },
    {
      "issue": "Part number MS2O47OAD4-5.5 does not meet standard format requirements",
      "reference": "ASA Standard 21.605",
      "severity": "MEDIUM"
    },
    {
      "issue": "Part number MS2O4ZOADA-5.5 does not meet standard format requirements",
      "reference": "ASA Standard 21.605",
      "severity": "MEDIUM"
    },
    {
      "issue": "Part number MSZOAZOAD4-5.5 does not meet standard format requirements",
      "reference": "ASA Standard 21.605",
      "severity": "MEDIUM"
    },
    {
      "issue": "Part number MS2OA7OAD4-5.5 does not meet standard format requirements",
      "reference": "ASA Standard 21.605",
      "severity": "MEDIUM"
    },
    {
      "issue": "Incomplete traceability chain - missing: material source documentation",
      "reference": "QC Manual Section 4.1",
      "severity": "HIGH"
    },
    {
      "issue": "The part numbers listed are inconsistent and some appear to be incorrect. This could lead to confusion and potential non-compliance with part certification procedures.",
      "reference": "ASA Part 21 - Certification procedures for products and parts",
      "severity": "HIGH"
    },
    {
      "issue": "The document does not provide information about whether the maintenance organizations involved are approved under Part 145.",
      "reference": "ASA Part 145 - Approved maintenance organizations",
      "severity": "MEDIUM"
    },
    {
      "issue": "The document does not provide a clear material certification. The certificate of conformity provided does not specify the materials used.",
      "reference": "ASA Material certification requirements",
      "severity": "HIGH"
    },
    {
      "issue": "The traceability chain is incomplete. It only lists 'Boeing Distribution Services' without any further information about the chain of custody of the parts.",
      "reference": "ASA Traceability requirements",
      "severity": "CRITICAL"
    },
    {
      "issue": "The document does not provide an expiration date for the certificate of conformity. This is a requirement for proper documentation.",
      "reference": "ASA Documentation standards",
      "severity": "MEDIUM"
    }
  ],
  "extracted_data": {
    "part_numbers": [
      "MS2O4ZOAD4-5.5",
      "MS2O47OAD4-5.5",
      "M520470AD4-5",
      "MS2OAZOAD4-S5-5",
      "MS2O4ZOADA-5.5",
      "MSZOAZOAD4-5.5",
      "MS2OAZOAD4-5-5",
      "NASM2O4ZO",
      "MS2OA7OAD4-5.5"
    ],
    "purchase_orders": [
      "154748",
      "OVJ297"
    ],
    "serial_numbers": [
      "224019C462",
      "2024GMLJOA",
      "2240856908",
      "224086H0O1"
    ],
    "certificates": [
      {
        "type": "Certificate of Conformity",
        "number": "A916604",
        "date": "2024-02-13",
        "issuer": "ATELIERS DE LA HAUTE-GARONNE"
      }
    ],
    "dates": {
      "manufacturing": "2024-01-19",
      "certification": "2024-02-13",
      "expiration": null
    },
    "manufacturer": {
      "name": "ATELIERS DE LA HAUTE-GARONNE",
      "cage_code": "F0095",
      "approval_number": "30030"
    },
    "specifications": [
      "NASM5674",
      "NASMSSZ4AMS2T7O",
      "MIL-DTL-5541(F) tl c1A"
    ],
    "compliance_statements": [
      "Parts manufactured by AHG and delivered under this ColC are DFARS compliant per DFAR 252.225-7009"
    ],
    "traceability_chain": [
      "Boeing Distribution Services"
    ]
  },
  "generated_at": "2025-06-11T06:23:31.978570"
}