{
  "part_number": "MS204ZOAD4-5.5",
  "serial_number": "224019C462",
  "purchase_order": "154748",
  "cert_type": "Certificate of Conformity",
  "status": "SOFT_FAIL",
  "confidence_score": 0.6,
  "flags": [
    {
      "issue": "Multiple different part numbers found: MS204ZOAD4-5.5, MS2O47OAD4-5.5, M520470AD4-5, MS2OAZOAD4-S5-5, 831921 Pcsm 2117-TANL3.1124-T4, MS2O4ZOADA-5.5, MSZOAZOAD4-5.5",
      "reference": "QC Manual Section 2.3",
      "severity": "HIGH"
    },
    {
      "issue": "Part number MS204ZOAD4-5.5 does not meet standard format requirements",
      "reference": "ASA Standard 21.605",
      "severity": "MEDIUM"
    },
    {
      "issue": "Part number MS2O47OAD4-5.5 does not meet standard format requirements",
      "reference": "ASA Standard 21.605",
      "severity": "MEDIUM"
    },
    {
      "issue": "Part number 831921 Pcsm 2117-TANL3.1124-T4 does not meet standard format requirements",
      "reference": "ASA Standard 21.605",
      "severity": "MEDIUM"
    },
    {
      "issue": "Part number MS2O4ZOADA-5.5 does not meet standard format requirements",
      "reference": "ASA Standard 21.605",
      "severity": "MEDIUM"
    },
    {
      "issue": "Part number MSZOAZOAD4-5.5 does not meet standard format requirements",
      "reference": "ASA Standard 21.605",
      "severity": "MEDIUM"
    },
    {
      "issue": "Incomplete traceability chain - missing: material source documentation",
      "reference": "QC Manual Section 4.1",
      "severity": "HIGH"
    },
    {
      "issue": "Some part numbers are not properly formatted or may contain typographical errors, which could lead to traceability issues.",
      "reference": "ASA Traceability requirements",
      "severity": "MEDIUM"
    },
    {
      "issue": "The expiration date for the certificate of conformity is not provided. This could lead to usage of expired parts.",
      "reference": "ASA Part 21 - Certification procedures for products and parts",
      "severity": "HIGH"
    },
    {
      "issue": "The traceability chain only includes one entity. A complete traceability chain should include all entities that have had possession of the part.",
      "reference": "ASA Traceability requirements",
      "severity": "HIGH"
    },
    {
      "issue": "The purchase order numbers are not consistently formatted, which could lead to traceability issues.",
      "reference": "ASA Documentation standards",
      "severity": "MEDIUM"
    },
    {
      "issue": "The compliance statement only addresses DFARS compliance. It should also confirm compliance with all relevant ASA regulations.",
      "reference": "ASA Material certification requirements",
      "severity": "MEDIUM"
    }
  ],
  "extracted_data": {
    "part_numbers": [
      "MS204ZOAD4-5.5",
      "MS2O47OAD4-5.5",
      "M520470AD4-5",
      "MS2OAZOAD4-S5-5",
      "831921 Pcsm 2117-TANL3.1124-T4",
      "MS2O4ZOADA-5.5",
      "MSZOAZOAD4-5.5"
    ],
    "purchase_orders": [
      "154748",
      "OOVJ29712",
      "OVJ297"
    ],
    "serial_numbers": [
      "224019C462",
      "2024GMIJOA",
      "2024GMLJOA",
      "2240856908",
      "224086H0O1"
    ],
    "certificates": [
      {
        "type": "Certificate of Conformity",
        "number": "A916604",
        "date": "2024-02-08",
        "issuer": "ATELIERS DE LA HAUTE-GARONNE"
      }
    ],
    "dates": {
      "manufacturing": "2024-01-19",
      "certification": "2024-02-08",
      "expiration": null
    },
    "manufacturer": {
      "name": "ATELIERS DE LA HAUTE-GARONNE",
      "cage_code": "F0095",
      "approval_number": "30030"
    },
    "specifications": [
      "NASM5674",
      "NASMSSZ4AMS2T7O",
      "MIL-DTL-5541(F) tl c1A"
    ],
    "compliance_statements": [
      "Parts manufactured by AHG and delivered under this ColC are DFARS compliant per DFAR 252.225-7009"
    ],
    "traceability_chain": [
      "Traceable to Boeing Distribution Services"
    ]
  },
  "generated_at": "2025-06-11T06:15:35.718856"
}